	Actual_Age	Predicted_Age
14_F	14	14.0
14_F.1	14	14.0
17_F	17	17.0
23_M	23	24.0
25_M	25	24.0
28_M	28	28.0
36_M	36	37.333333333333336
37_M	37	37.333333333333336
39_M	39	37.333333333333336
43_M	43	47.0
44_M	44	47.0
45_F	45	47.0
45_M	45	47.0
47_M	47	47.0
48_M	48	47.0
49_F	49	47.0
50_F	50	47.0
52_F	52	47.0
59_M	59	59.0
66_M	66	66.0
